{
    "Random Forest": {
        "V14": 0.19883293224253518,
        "V10": 0.1370744383962216,
        "V4": 0.12161108009683082,
        "V12": 0.1178509704404698,
        "V17": 0.07455869897160491,
        "V11": 0.0705805038232212,
        "V3": 0.05055667993484517,
        "V7": 0.033716518401302985,
        "V9": 0.02877497046947695,
        "V2": 0.02833172548761158
    },
    "Decision Tree": {
        "V14": 0.7935295072848528,
        "V4": 0.04510958603037116,
        "V17": 0.033417763703001015,
        "V12": 0.022482875855267915,
        "V1": 0.012189249797015316,
        "Time": 0.010441984975468348,
        "V3": 0.008518621258562521,
        "V10": 0.007092901607502703,
        "V15": 0.006758272272503129,
        "V23": 0.006078045522482577
    },
    "KNN": {
        "Time": 0.0183228687873189,
        "V14": 0.003457704602285505,
        "Amount": 0.003063174176003859,
        "V17": 0.0020491044340880207,
        "V12": 0.0017420943337984958,
        "V3": 0.0014154233905726476,
        "V10": 0.0011578586382214814,
        "V11": 0.0005677494762146756,
        "V9": 0.0004510253366147839,
        "V2": 0.0004016212174617072
    },
    "MLP": {
        "V14": 0.18599900270288555,
        "V12": 0.1010001912838039,
        "V4": 0.057741269863531945,
        "V10": 0.03854678512991621,
        "V17": 0.035558574822835386,
        "V8": 0.01611103173843447,
        "V2": 0.014621474671311616,
        "V1": 0.011849299464479148,
        "Amount": 0.01162998895688724,
        "V7": 0.011338916422327998
    }
}